0.0147,0.0375,0.0513,0.0891,0.1125,0.1407,0.1743,0.1875,0.2125,0.226,0.2614,0.2906,0.3188,0.3441,0.37,0.3875,0.4222,0.4375,0.458,0.4934,0.5191,0.5465,0.5625,0.5887,0.6147,0.6408,0.666,0.6964,0.7125,0.7372,0.7625,0.7887,0.814,0.8419,0.8689,0.8875,0.9076,0.9367,0.9647,0.9905,0.2,0.0,0.29,1.0,0.0,0.44,0.46,0.0,0.0,0.34,0.73,0.95,0.12,0.49,0.38,0.0,0.21,0.0,0.31,0.15,0.41,0.17,0.0,0.12,0.17,0.4,0.08,0.38,0.0,0.18,0.0,0.14,0.03,0.0,0.0,0.0,0.0,0.0,0.0,0.0,box
0.0168,0.0375,0.0615,0.0923,0.1125,0.144,0.1625,0.1795,0.2125,0.2275,0.265,0.2875,0.3165,0.3375,0.3546,0.3875,0.4054,0.4404,0.4625,0.4793,0.5181,0.5375,0.5555,0.5863,0.6153,0.6472,0.6625,0.698,0.7125,0.7495,0.7625,0.7962,0.8125,0.8258,0.8517,0.8936,0.9216,0.9496,0.9625,0.9873,0.06,0.0,0.27,1.0,0.0,0.32,0.0,0.38,0.0,0.2,0.47,0.0,0.16,0.0,0.24,0.0,0.24,0.23,0.0,0.1,0.24,0.0,0.1,0.15,0.09,0.22,0.0,0.19,0.0,0.12,0.0,0.07,0.0,0.01,0.0,0.0,0.0,0.0,0.0,0.0,box
0.0001,0.033,0.0612,0.0925,0.1125,0.1321,0.1624,0.1876,0.2125,0.2304,0.2629,0.2901,0.3155,0.3441,0.3625,0.3796,0.4093,0.4479,0.4625,0.4837,0.5125,0.5315,0.558,0.5986,0.6125,0.6367,0.667,0.6933,0.7125,0.744,0.7625,0.7761,0.8045,0.8397,0.8625,0.8893,0.9125,0.9334,0.9593,0.9986,0.01,0.16,0.1,0.93,0.0,0.71,0.53,0.39,0.0,0.28,1.0,0.52,0.21,0.36,0.0,0.54,0.15,0.38,0.0,0.35,0.0,0.61,0.23,0.51,0.0,0.97,0.41,0.25,0.0,0.31,0.0,0.23,0.18,0.02,0.0,0.01,0.0,0.0,0.01,0.01,box
0.0121,0.0375,0.0503,0.0875,0.1004,0.1284,0.1661,0.1983,0.2125,0.2425,0.2625,0.2756,0.301,0.3343,0.3624,0.3915,0.4188,0.4375,0.4683,0.4875,0.5071,0.5332,0.562,0.5965,0.6221,0.6375,0.657,0.6944,0.7125,0.744,0.7696,0.7875,0.8086,0.8355,0.8625,0.8796,0.9076,0.9496,0.9625,0.9776,0.02,0.0,0.32,0.0,0.19,0.15,0.38,0.44,0.0,0.27,0.0,0.42,1.0,0.26,0.45,0.35,0.09,0.0,0.06,0.0,0.05,0.08,0.06,0.08,0.05,0.0,0.09,0.05,0.0,0.07,0.05,0.0,0.02,0.01,0.0,0.01,0.01,0.02,0.0,0.01,box
0.0115,0.0395,0.0654,0.0916,0.1125,0.1323,0.1627,0.1884,0.2125,0.2269,0.2565,0.2967,0.3125,0.3385,0.3673,0.3875,0.4119,0.4388,0.4625,0.4835,0.5201,0.5453,0.573,0.5875,0.6028,0.6422,0.6673,0.6945,0.7125,0.7278,0.7668,0.7956,0.8208,0.8493,0.8625,0.8813,0.9066,0.9319,0.9579,0.983,0.11,0.02,0.16,1.0,0.0,0.52,0.68,0.29,0.0,0.36,0.65,0.79,0.0,0.36,0.43,0.0,0.31,0.31,0.0,0.4,0.17,0.23,0.05,0.0,0.45,0.32,0.19,0.22,0.0,0.22,0.32,0.13,0.04,0.0,0.0,0.0,0.0,0.0,0.0,0.0,box
0.0139,0.0473,0.0733,0.0875,0.1126,0.1397,0.166,0.1875,0.215,0.2375,0.263,0.2909,0.3172,0.3375,0.3554,0.381,0.4085,0.4375,0.4554,0.4957,0.5216,0.5467,0.5625,0.5967,0.6218,0.6483,0.6734,0.6875,0.7019,0.7469,0.7625,0.7876,0.8236,0.8375,0.8501,0.8904,0.9173,0.9496,0.9625,0.9873,0.09,0.13,0.33,0.0,0.55,1.0,0.4,0.0,0.56,0.0,0.91,0.84,0.52,0.0,0.92,0.26,0.15,0.0,0.23,0.47,0.03,0.37,0.0,0.27,0.38,0.23,0.36,0.0,0.28,0.32,0.0,0.24,0.02,0.0,0.0,0.0,0.0,0.0,0.0,0.0,box
0.0176,0.0375,0.0527,0.0878,0.114,0.1405,0.1625,0.1757,0.2121,0.246,0.2724,0.2986,0.3241,0.3375,0.365,0.3919,0.4125,0.4307,0.4705,0.4875,0.5028,0.5437,0.5728,0.5875,0.604,0.6335,0.6589,0.6934,0.7235,0.7494,0.7625,0.7752,0.8032,0.829,0.8624,0.8875,0.9033,0.9375,0.9507,0.9776,1.0,0.0,0.51,0.21,0.0,0.04,0.0,0.01,0.0,0.0,0.0,0.0,0.0,0.0,0.0,0.0,0.0,0.0,0.0,0.0,0.0,0.0,0.0,0.0,0.0,0.0,0.0,0.0,0.0,0.0,0.0,0.0,0.0,0.0,0.0,0.0,0.0,0.0,0.0,0.0,box
0.012,0.0378,0.0709,0.0875,0.1183,0.1462,0.1625,0.1773,0.2122,0.2424,0.2625,0.2862,0.318,0.3375,0.3617,0.3868,0.4175,0.4433,0.4625,0.4914,0.5125,0.5316,0.5577,0.5869,0.6141,0.6394,0.6729,0.6875,0.7052,0.7325,0.7579,0.7861,0.8138,0.8398,0.8625,0.8796,0.9098,0.9399,0.969,0.997,1.0,0.18,0.24,0.0,0.14,0.08,0.0,0.18,0.15,0.11,0.0,0.18,0.11,0.0,0.14,0.09,0.04,0.02,0.0,0.01,0.0,0.02,0.0,0.01,0.02,0.03,0.02,0.0,0.01,0.0,0.03,0.01,0.0,0.0,0.0,0.0,0.0,0.0,0.0,0.0,box
0.0213,0.0375,0.0706,0.0875,0.1047,0.1366,0.1641,0.1916,0.2125,0.2257,0.2573,0.2834,0.3096,0.3355,0.3625,0.3875,0.4186,0.4445,0.4625,0.4821,0.5137,0.5434,0.5702,0.5875,0.6182,0.6456,0.6625,0.6791,0.7064,0.7492,0.7625,0.7827,0.8098,0.8364,0.8646,0.8926,0.9227,0.9375,0.9593,0.9916,0.01,0.0,1.0,0.0,0.0,0.0,0.23,0.0,0.0,0.0,0.0,0.0,0.23,0.0,0.0,0.0,0.0,0.0,0.0,0.29,0.0,0.0,0.01,0.0,0.0,0.12,0.0,0.11,0.11,0.01,0.0,0.05,0.01,0.0,0.0,0.0,0.0,0.0,0.0,0.0,glass
0.0161,0.042,0.0706,0.0875,0.1172,0.1375,0.1641,0.1905,0.2166,0.2375,0.2574,0.2842,0.3096,0.3476,0.3625,0.3804,0.4174,0.4375,0.4554,0.4822,0.5172,0.5375,0.5586,0.5875,0.6186,0.6445,0.6625,0.6791,0.708,0.7375,0.756,0.7826,0.8132,0.8439,0.8721,0.8875,0.9141,0.9496,0.9625,0.9916,0.02,0.0,1.0,0.0,0.0,0.0,0.17,0.0,0.0,0.0,0.0,0.0,0.14,0.0,0.0,0.0,0.0,0.0,0.0,0.14,0.0,0.0,0.0,0.0,0.0,0.09,0.0,0.04,0.06,0.0,0.0,0.01,0.0,0.0,0.0,0.0,0.0,0.0,0.0,0.0,glass
0.0181,0.0439,0.0706,0.0875,0.118,0.1375,0.1641,0.1875,0.2067,0.2375,0.2526,0.278,0.3096,0.3478,0.3625,0.3815,0.4191,0.4375,0.457,0.4821,0.5077,0.5384,0.5707,0.5875,0.6157,0.6456,0.6625,0.6788,0.7093,0.739,0.7625,0.7848,0.8134,0.8408,0.8659,0.8915,0.9173,0.9453,0.9625,0.9819,0.01,0.01,1.0,0.0,0.0,0.0,0.17,0.0,0.0,0.0,0.0,0.0,0.11,0.0,0.0,0.0,0.0,0.0,0.0,0.04,0.01,0.0,0.01,0.0,0.0,0.07,0.0,0.05,0.06,0.02,0.0,0.03,0.01,0.0,0.0,0.0,0.0,0.0,0.0,0.0,glass
0.0161,0.042,0.0706,0.0875,0.1178,0.1375,0.1641,0.1935,0.2226,0.2375,0.2551,0.2813,0.3086,0.3461,0.3712,0.3875,0.4175,0.4375,0.4561,0.4821,0.5197,0.5375,0.5709,0.5875,0.6187,0.6444,0.6625,0.6783,0.7066,0.7414,0.7625,0.7893,0.8172,0.8423,0.8689,0.8947,0.9125,0.9324,0.9625,0.9787,0.01,0.0,1.0,0.0,0.0,0.0,0.15,0.0,0.0,0.0,0.0,0.0,0.16,0.0,0.0,0.0,0.0,0.0,0.0,0.08,0.0,0.0,0.0,0.0,0.0,0.13,0.0,0.03,0.06,0.0,0.0,0.01,0.0,0.0,0.0,0.0,0.0,0.0,0.0,0.0,glass
0.0161,0.0431,0.0706,0.0875,0.1119,0.137,0.1628,0.1875,0.2008,0.2303,0.2571,0.2835,0.3086,0.3338,0.3625,0.3803,0.4134,0.4447,0.4625,0.4821,0.5125,0.5318,0.5712,0.5875,0.6183,0.6444,0.6625,0.6783,0.7084,0.7415,0.7625,0.7814,0.8108,0.8389,0.8667,0.8947,0.9125,0.9388,0.969,0.9981,0.02,0.0,1.0,0.0,0.0,0.0,0.14,0.0,0.0,0.0,0.0,0.0,0.19,0.0,0.0,0.0,0.0,0.0,0.0,0.04,0.0,0.0,0.0,0.0,0.0,0.15,0.0,0.02,0.04,0.0,0.0,0.02,0.0,0.0,0.0,0.0,0.0,0.0,0.0,0.0,glass
0.0157,0.0412,0.0706,0.0875,0.1164,0.1375,0.1628,0.1875,0.2071,0.245,0.2625,0.2815,0.3086,0.3394,0.3625,0.3862,0.4142,0.4375,0.4555,0.4806,0.5189,0.5462,0.5714,0.5875,0.6131,0.6443,0.6625,0.6782,0.7065,0.7416,0.7625,0.7829,0.8122,0.8381,0.8632,0.8904,0.9125,0.9367,0.9625,0.983,0.03,0.02,1.0,0.0,0.0,0.0,0.13,0.0,0.0,0.0,0.0,0.0,0.14,0.0,0.0,0.01,0.0,0.0,0.0,0.08,0.01,0.0,0.01,0.0,0.0,0.12,0.0,0.04,0.12,0.02,0.0,0.05,0.01,0.0,0.0,0.0,0.0,0.0,0.0,0.0,glass
0.016,0.0434,0.0706,0.0957,0.121,0.1375,0.1628,0.1899,0.2164,0.2491,0.2625,0.2812,0.3086,0.3387,0.3643,0.3897,0.415,0.4414,0.4625,0.4807,0.5058,0.5448,0.57,0.5875,0.6134,0.6444,0.6625,0.6783,0.7065,0.7435,0.7625,0.7815,0.8106,0.8385,0.8678,0.893,0.9184,0.9375,0.9679,0.997,0.02,0.01,1.0,0.0,0.0,0.0,0.33,0.0,0.0,0.0,0.0,0.0,0.26,0.0,0.0,0.0,0.0,0.0,0.0,0.05,0.0,0.0,0.0,0.0,0.0,0.18,0.0,0.06,0.08,0.01,0.0,0.04,0.01,0.0,0.0,0.0,0.0,0.0,0.0,0.0,glass
0.016,0.042,0.0706,0.0875,0.1184,0.1375,0.1628,0.1907,0.2211,0.2375,0.2574,0.2832,0.3086,0.3375,0.3548,0.38,0.4129,0.4375,0.4554,0.4821,0.5189,0.5461,0.5625,0.5904,0.6166,0.6444,0.6625,0.678,0.7067,0.7375,0.7564,0.7884,0.8144,0.843,0.8625,0.8926,0.9216,0.9375,0.9593,0.9873,0.03,0.01,1.0,0.0,0.0,0.0,0.17,0.0,0.0,0.0,0.0,0.0,0.24,0.0,0.0,0.0,0.0,0.0,0.0,0.08,0.0,0.0,0.0,0.0,0.0,0.12,0.0,0.05,0.07,0.0,0.01,0.02,0.0,0.0,0.0,0.0,0.0,0.0,0.0,0.0,glass
0.0181,0.0436,0.0706,0.0875,0.1189,0.1375,0.1641,0.1939,0.221,0.2375,0.2553,0.2844,0.3096,0.3375,0.3558,0.3865,0.4246,0.4375,0.4564,0.4821,0.5134,0.5434,0.5687,0.5875,0.6011,0.6443,0.6625,0.6783,0.7094,0.7412,0.7625,0.7849,0.8103,0.8359,0.8634,0.8905,0.9125,0.927,0.9521,0.9776,0.03,0.01,1.0,0.0,0.0,0.0,0.22,0.0,0.0,0.0,0.0,0.0,0.26,0.0,0.0,0.01,0.0,0.0,0.0,0.13,0.01,0.0,0.01,0.0,0.0,0.21,0.0,0.05,0.18,0.03,0.0,0.05,0.01,0.0,0.0,0.0,0.0,0.0,0.0,0.0,glass
0.0161,0.0421,0.0706,0.0875,0.1185,0.1375,0.1641,0.1875,0.2074,0.2351,0.2625,0.2845,0.3096,0.3353,0.3608,0.3864,0.418,0.4375,0.4567,0.4822,0.5192,0.5375,0.5583,0.5902,0.6163,0.6454,0.6625,0.6787,0.7086,0.7375,0.7601,0.7852,0.8148,0.8404,0.8678,0.8875,0.9076,0.9367,0.969,0.9959,0.04,0.01,1.0,0.0,0.0,0.0,0.12,0.0,0.0,0.0,0.0,0.0,0.11,0.0,0.0,0.0,0.0,0.0,0.0,0.13,0.01,0.0,0.0,0.0,0.0,0.05,0.0,0.03,0.05,0.0,0.0,0.03,0.01,0.0,0.0,0.0,0.0,0.0,0.0,0.0,glass
0.016,0.0448,0.0706,0.0875,0.1146,0.1375,0.1628,0.1906,0.217,0.2448,0.2721,0.2875,0.3096,0.3388,0.3625,0.3784,0.4133,0.441,0.4625,0.4821,0.5163,0.5449,0.571,0.5875,0.6148,0.6444,0.6625,0.6781,0.7092,0.7375,0.7571,0.7843,0.8157,0.843,0.8732,0.8875,0.9076,0.9464,0.9625,0.9959,0.02,0.0,1.0,0.0,0.0,0.0,0.06,0.0,0.0,0.0,0.0,0.0,0.07,0.0,0.0,0.0,0.0,0.0,0.0,0.06,0.0,0.0,0.01,0.0,0.0,0.05,0.0,0.02,0.05,0.0,0.01,0.03,0.01,0.0,0.0,0.0,0.0,0.0,0.0,0.0,glass
0.018,0.0435,0.0705,0.0973,0.1125,0.1255,0.1628,0.1882,0.2149,0.2375,0.2553,0.2813,0.3086,0.3375,0.355,0.3895,0.424,0.4375,0.4548,0.4822,0.5187,0.5446,0.5707,0.596,0.6125,0.6443,0.6625,0.6792,0.7079,0.7386,0.7625,0.7831,0.8156,0.843,0.8625,0.8915,0.9227,0.9496,0.9625,0.9873,0.12,0.02,1.0,0.01,0.0,0.02,0.57,0.0,0.01,0.0,0.02,0.02,0.7,0.0,0.01,0.02,0.01,0.0,0.0,0.27,0.02,0.01,0.04,0.02,0.0,0.5,0.0,0.07,0.27,0.03,0.0,0.09,0.02,0.0,0.0,0.0,0.0,0.0,0.0,0.0,glass
0.0182,0.0451,0.0706,0.0875,0.1152,0.1375,0.1628,0.1875,0.2037,0.23,0.2687,0.2875,0.3086,0.3375,0.3554,0.3921,0.4125,0.4321,0.4625,0.4821,0.5147,0.5412,0.5683,0.5955,0.6125,0.6442,0.6625,0.6779,0.7064,0.7324,0.7625,0.7814,0.8086,0.8338,0.8592,0.8882,0.9173,0.9375,0.9507,0.9776,0.02,0.0,1.0,0.0,0.0,0.0,0.28,0.0,0.0,0.0,0.0,0.0,0.25,0.0,0.0,0.01,0.0,0.0,0.0,0.05,0.01,0.0,0.01,0.0,0.0,0.12,0.0,0.05,0.16,0.02,0.0,0.04,0.02,0.0,0.0,0.0,0.0,0.0,0.0,0.0,glass
0.011,0.0375,0.061,0.0883,0.116,0.1423,0.1695,0.1947,0.2199,0.245,0.2625,0.2898,0.3125,0.3383,0.3712,0.399,0.4125,0.4323,0.4695,0.4875,0.5084,0.5388,0.57,0.5965,0.6125,0.6377,0.6672,0.6999,0.725,0.7375,0.765,0.7914,0.8125,0.835,0.875,0.8875,0.9001,0.9464,0.9625,0.9873,0.0,0.0,0.0,0.01,0.76,0.0,0.12,0.02,0.0,0.52,0.0,0.72,0.0,0.01,0.02,1.0,0.0,0.02,0.03,0.0,0.48,0.16,0.04,0.07,0.0,0.3,0.23,0.17,0.18,0.0,0.29,0.19,0.0,0.02,0.0,0.0,0.0,0.0,0.0,0.0,bottle
0.0248,0.0375,0.0608,0.0879,0.116,0.1423,0.1693,0.1947,0.2125,0.2449,0.2625,0.2898,0.3125,0.3378,0.365,0.399,0.4125,0.4294,0.4696,0.4875,0.5084,0.5382,0.5634,0.5927,0.6125,0.6379,0.668,0.6875,0.7033,0.7396,0.765,0.7914,0.8125,0.835,0.8625,0.8753,0.913,0.9453,0.9744,0.9996,0.0,0.0,0.01,0.01,0.75,0.01,0.18,0.01,0.0,0.18,0.0,0.86,0.0,0.01,0.03,1.0,0.0,0.01,0.03,0.0,0.29,0.08,0.01,0.1,0.0,0.25,0.19,0.0,0.07,0.01,0.13,0.09,0.0,0.0,0.0,0.0,0.0,0.0,0.0,0.0,bottle
0.006,0.0319,0.061,0.088,0.116,0.1422,0.1693,0.1947,0.2125,0.2448,0.2625,0.2898,0.3125,0.3379,0.3649,0.399,0.4125,0.4294,0.4697,0.4875,0.5084,0.5382,0.5635,0.5927,0.6125,0.638,0.6679,0.6875,0.7033,0.7358,0.7648,0.7912,0.8125,0.8331,0.8586,0.8844,0.9098,0.9367,0.969,0.9949,0.0,0.01,0.02,0.02,0.95,0.02,0.34,0.05,0.0,0.19,0.0,1.0,0.0,0.03,0.05,0.86,0.0,0.03,0.07,0.0,0.41,0.15,0.02,0.21,0.0,0.24,0.26,0.0,0.12,0.02,0.06,0.16,0.0,0.01,0.0,0.0,0.0,0.0,0.0,0.0,bottle
0.006,0.0313,0.0609,0.0898,0.116,0.1421,0.1693,0.1947,0.2125,0.2318,0.2626,0.2898,0.3125,0.338,0.3724,0.399,0.4125,0.4294,0.4697,0.4875,0.5084,0.5381,0.5633,0.5927,0.6125,0.6381,0.6679,0.6993,0.7125,0.7406,0.7668,0.7942,0.8125,0.8331,0.8602,0.8904,0.9173,0.9375,0.9593,0.9916,0.0,0.01,0.02,0.02,0.89,0.02,0.3,0.03,0.0,0.03,0.17,1.0,0.0,0.03,0.04,0.64,0.0,0.01,0.04,0.0,0.23,0.11,0.01,0.18,0.0,0.1,0.12,0.05,0.0,0.01,0.07,0.05,0.0,0.0,0.0,0.0,0.0,0.0,0.0,0.0,bottle
0.025,0.0375,0.0612,0.0908,0.116,0.142,0.1693,0.1947,0.2125,0.2448,0.2625,0.2898,0.3125,0.3379,0.3665,0.3989,0.4125,0.4496,0.4625,0.4781,0.5084,0.5385,0.5659,0.5926,0.6125,0.6381,0.6679,0.6875,0.7034,0.7379,0.7649,0.7913,0.8125,0.8333,0.8592,0.8904,0.9173,0.9496,0.9625,0.9873,0.0,0.0,0.0,0.01,0.74,0.01,0.27,0.02,0.0,0.21,0.0,0.96,0.0,0.01,0.02,1.0,0.0,0.08,0.0,0.02,0.23,0.31,0.01,0.1,0.0,0.28,0.26,0.0,0.08,0.0,0.08,0.16,0.0,0.0,0.0,0.0,0.0,0.0,0.0,0.0,bottle
0.0011,0.0266,0.0609,0.088,0.116,0.1421,0.1693,0.1947,0.2125,0.2448,0.2625,0.2898,0.3125,0.338,0.365,0.399,0.4125,0.4294,0.4696,0.4875,0.5085,0.5385,0.5655,0.5927,0.6125,0.6381,0.668,0.6875,0.7034,0.7351,0.7666,0.7936,0.8125,0.8334,0.8592,0.885,0.9173,0.9496,0.9625,0.997,0.0,0.01,0.01,0.01,1.0,0.01,0.37,0.03,0.0,0.21,0.0,0.96,0.0,0.02,0.03,0.93,0.0,0.02,0.04,0.0,0.49,0.21,0.01,0.19,0.0,0.24,0.29,0.0,0.12,0.01,0.17,0.05,0.0,0.01,0.0,0.0,0.0,0.0,0.0,0.0,bottle
0.0244,0.0375,0.0611,0.0901,0.116,0.1435,0.1625,0.1759,0.2079,0.2448,0.2625,0.2899,0.3171,0.3375,0.3599,0.399,0.4125,0.4291,0.4694,0.4875,0.5086,0.5388,0.5662,0.5924,0.6125,0.6381,0.668,0.6875,0.7034,0.7349,0.7651,0.7913,0.8168,0.8452,0.8743,0.8875,0.9098,0.9367,0.9636,0.997,0.02,0.0,0.03,0.03,0.28,0.02,0.0,0.21,0.07,0.22,0.0,1.0,0.03,0.0,0.05,0.94,0.0,0.07,0.14,0.0,0.28,0.4,0.01,0.31,0.0,0.33,0.48,0.0,0.19,0.03,0.12,0.21,0.03,0.0,0.0,0.0,0.0,0.0,0.0,0.0,bottle
0.0043,0.0298,0.056,0.0896,0.116,0.1421,0.1693,0.1946,0.2125,0.2448,0.2625,0.2899,0.3125,0.3359,0.366,0.399,0.4125,0.4323,0.4702,0.4875,0.5085,0.5384,0.5635,0.5934,0.6125,0.6381,0.668,0.6875,0.7034,0.7405,0.7665,0.7936,0.8125,0.8335,0.8594,0.8875,0.9055,0.9335,0.9593,0.997,0.0,0.01,0.01,0.01,1.0,0.01,0.28,0.05,0.0,0.14,0.0,0.45,0.0,0.01,0.02,0.66,0.0,0.02,0.06,0.0,0.45,0.16,0.0,0.13,0.0,0.21,0.27,0.0,0.1,0.01,0.14,0.07,0.0,0.01,0.0,0.0,0.0,0.0,0.0,0.0,bottle
0.016,0.0375,0.061,0.088,0.116,0.1421,0.1693,0.1947,0.2125,0.2319,0.2626,0.2898,0.3125,0.3382,0.365,0.3991,0.4125,0.4497,0.4625,0.4765,0.5085,0.5382,0.5657,0.5928,0.6247,0.6375,0.668,0.6994,0.7125,0.7409,0.7667,0.7972,0.8125,0.8333,0.8625,0.8753,0.9012,0.9281,0.9636,0.997,0.0,0.0,0.01,0.01,1.0,0.01,0.41,0.04,0.0,0.04,0.18,0.68,0.0,0.02,0.02,0.73,0.0,0.07,0.0,0.03,0.51,0.16,0.02,0.19,0.09,0.0,0.02,0.11,0.0,0.01,0.24,0.1,0.0,0.02,0.0,0.0,0.0,0.0,0.0,0.0,bottle
0.0208,0.0375,0.0559,0.0813,0.116,0.1421,0.1694,0.1875,0.2056,0.2449,0.2625,0.2897,0.3169,0.3375,0.365,0.3875,0.404,0.4333,0.4715,0.4875,0.5086,0.5386,0.5663,0.5929,0.6125,0.6381,0.6679,0.6875,0.7034,0.7405,0.7661,0.7912,0.8166,0.8431,0.8732,0.8875,0.913,0.9399,0.9625,0.983,0.01,0.0,0.01,0.02,1.0,0.02,0.4,0.0,0.08,0.15,0.0,0.98,0.03,0.0,0.06,0.0,0.82,0.04,0.1,0.0,0.39,0.33,0.02,0.19,0.0,0.37,0.37,0.0,0.16,0.02,0.14,0.17,0.01,0.0,0.0,0.0,0.0,0.0,0.0,0.0,bottle
0.014,0.0459,0.0625,0.0868,0.116,0.1421,0.1625,0.1802,0.2059,0.2323,0.2635,0.2897,0.3125,0.3368,0.3647,0.399,0.4125,0.4335,0.4692,0.4875,0.5084,0.5382,0.5659,0.5934,0.6125,0.6382,0.6682,0.6875,0.7034,0.7325,0.7663,0.7915,0.8125,0.8336,0.8678,0.8875,0.9087,0.9496,0.9625,0.997,0.01,0.03,0.0,0.05,0.64,0.03,0.0,0.35,0.1,0.07,0.21,0.73,0.0,0.06,0.1,1.0,0.0,0.03,0.13,0.0,0.47,0.4,0.01,0.2,0.0,0.14,0.44,0.0,0.08,0.02,0.23,0.08,0.0,0.01,0.0,0.0,0.0,0.0,0.0,0.0,bottle
0.0076,0.0336,0.0608,0.0876,0.116,0.1419,0.1693,0.1951,0.2125,0.2318,0.2626,0.2898,0.3125,0.3377,0.3647,0.399,0.4125,0.4322,0.4693,0.4875,0.5085,0.539,0.5647,0.5934,0.6125,0.6382,0.668,0.6993,0.7245,0.7375,0.766,0.7943,0.8125,0.834,0.8617,0.8875,0.9076,0.9496,0.9625,0.997,0.0,0.01,0.02,0.02,0.66,0.02,0.49,0.05,0.0,0.02,0.2,1.0,0.0,0.03,0.04,0.63,0.0,0.03,0.08,0.0,0.22,0.24,0.01,0.18,0.0,0.21,0.26,0.08,0.02,0.0,0.25,0.06,0.0,0.02,0.0,0.0,0.0,0.0,0.0,0.0,bottle
0.0011,0.0267,0.0611,0.0909,0.116,0.1422,0.1693,0.1947,0.2125,0.2448,0.2625,0.2898,0.3125,0.3381,0.3649,0.3991,0.4125,0.4497,0.4625,0.4764,0.5085,0.5383,0.5654,0.5927,0.6125,0.6381,0.6681,0.6994,0.7125,0.7265,0.7667,0.7973,0.8125,0.8332,0.8667,0.8936,0.9125,0.9281,0.9593,0.9873,0.0,0.01,0.01,0.01,1.0,0.01,0.37,0.03,0.0,0.23,0.0,0.77,0.0,0.02,0.02,0.82,0.0,0.05,0.0,0.03,0.54,0.14,0.01,0.14,0.0,0.13,0.1,0.1,0.0,0.01,0.2,0.07,0.0,0.01,0.0,0.0,0.0,0.0,0.0,0.0,bottle
0.0059,0.0314,0.0565,0.0826,0.1163,0.1422,0.1625,0.1781,0.2068,0.2352,0.2634,0.2899,0.3125,0.3386,0.3694,0.3989,0.4125,0.4496,0.4625,0.4833,0.5087,0.5382,0.5703,0.5875,0.6024,0.6381,0.6682,0.6875,0.7036,0.7365,0.7652,0.7909,0.8167,0.8456,0.8748,0.8875,0.9173,0.9464,0.9722,0.9991,0.0,0.02,0.04,0.03,0.44,0.03,0.0,0.26,0.08,0.03,0.28,0.55,0.0,0.06,0.05,1.0,0.0,0.12,0.0,0.07,0.19,0.55,0.2,0.0,0.06,0.53,0.31,0.0,0.13,0.02,0.05,0.26,0.03,0.0,0.0,0.0,0.0,0.0,0.0,0.0,bottle
0.0065,0.0326,0.061,0.0909,0.116,0.1421,0.1693,0.1947,0.2125,0.2448,0.2625,0.2898,0.3125,0.3382,0.3649,0.3991,0.4125,0.4324,0.4696,0.4875,0.5085,0.5382,0.5655,0.5928,0.6125,0.6381,0.668,0.6994,0.7125,0.7264,0.7668,0.7972,0.8125,0.8332,0.8591,0.8936,0.9216,0.9496,0.9625,0.997,0.0,0.01,0.02,0.02,1.0,0.02,0.46,0.08,0.0,0.24,0.0,0.74,0.0,0.03,0.05,0.85,0.0,0.05,0.12,0.0,0.62,0.18,0.02,0.22,0.0,0.23,0.21,0.19,0.0,0.03,0.28,0.14,0.0,0.02,0.0,0.0,0.0,0.0,0.0,0.0,bottle
0.0205,0.0375,0.0593,0.0887,0.1204,0.1375,0.1502,0.187,0.2173,0.2375,0.2606,0.2872,0.325,0.3375,0.3517,0.3875,0.4028,0.4375,0.4535,0.4875,0.5015,0.5408,0.5697,0.5875,0.6064,0.632,0.6673,0.6937,0.7199,0.7459,0.7625,0.7885,0.8142,0.8409,0.871,0.8875,0.9044,0.9399,0.9679,0.9959,0.0,0.0,0.0,0.0,0.0,0.0,0.0,1.0,0.0,0.0,0.01,0.0,0.0,0.0,0.45,0.0,0.02,0.0,0.0,0.0,0.25,0.01,0.0,0.0,0.0,0.01,0.02,0.01,0.03,0.01,0.0,0.1,0.0,0.0,0.0,0.0,0.0,0.0,0.0,0.0,mug
0.0203,0.0375,0.0516,0.0881,0.1203,0.1469,0.1733,0.1991,0.2125,0.2351,0.2625,0.2995,0.3125,0.3375,0.3517,0.3875,0.4027,0.4412,0.4625,0.4764,0.5015,0.5301,0.5618,0.5875,0.6084,0.6397,0.673,0.6981,0.7125,0.731,0.7594,0.7884,0.8192,0.8463,0.8625,0.8753,0.9044,0.9356,0.9636,0.9948,0.03,0.0,0.0,0.01,0.01,0.01,1.0,0.01,0.0,0.0,0.04,0.01,0.0,0.0,0.81,0.0,0.1,0.01,0.0,0.01,0.41,0.01,0.08,0.0,0.03,0.02,0.02,0.07,0.0,0.11,0.09,0.45,0.0,0.0,0.0,0.0,0.0,0.0,0.0,0.0,mug
0.0205,0.0456,0.0625,0.0775,0.1106,0.1442,0.1625,0.187,0.2168,0.2375,0.2604,0.2894,0.3168,0.3375,0.3517,0.3875,0.4026,0.4375,0.4501,0.4752,0.5015,0.5282,0.5614,0.59,0.6158,0.65,0.6625,0.6822,0.7125,0.7309,0.762,0.7885,0.8152,0.8484,0.8742,0.8875,0.9012,0.9324,0.9636,0.9916,0.01,0.0,0.0,0.0,0.0,0.01,0.0,1.0,0.0,0.0,0.03,0.01,0.02,0.0,0.91,0.0,0.06,0.0,0.02,0.01,0.56,0.02,0.05,0.02,0.03,0.03,0.0,0.03,0.0,0.06,0.02,0.2,0.0,0.0,0.0,0.0,0.0,0.0,0.0,0.0,mug
0.0201,0.0375,0.0517,0.0942,0.1249,0.1375,0.1544,0.187,0.2171,0.2375,0.2624,0.288,0.3167,0.3375,0.3517,0.3875,0.4027,0.4317,0.4569,0.4875,0.5014,0.528,0.5554,0.5875,0.6066,0.6329,0.6619,0.6939,0.7125,0.7309,0.759,0.7885,0.8195,0.8484,0.8738,0.8875,0.9173,0.9464,0.9715,0.997,0.01,0.0,0.0,0.0,0.0,0.0,0.01,1.0,0.0,0.0,0.02,0.01,0.01,0.0,0.66,0.0,0.05,0.01,0.02,0.0,0.48,0.03,0.06,0.0,0.03,0.04,0.02,0.04,0.0,0.07,0.04,0.29,0.0,0.0,0.0,0.0,0.0,0.0,0.0,0.0,mug
0.0059,0.0327,0.0733,0.0875,0.1156,0.1497,0.1625,0.187,0.2124,0.2375,0.2597,0.2874,0.3125,0.3251,0.3517,0.3875,0.4027,0.4294,0.4631,0.4875,0.5014,0.5343,0.5619,0.5989,0.6125,0.6321,0.6665,0.6875,0.7054,0.732,0.7592,0.7885,0.8184,0.8452,0.8721,0.8875,0.9087,0.9496,0.9625,0.9959,0.02,0.01,0.03,0.0,0.04,0.03,0.0,1.0,0.01,0.0,0.03,0.01,0.0,0.02,0.44,0.0,0.02,0.01,0.01,0.0,0.11,0.02,0.01,0.01,0.0,0.02,0.01,0.0,0.04,0.05,0.02,0.08,0.0,0.0,0.0,0.0,0.0,0.0,0.0,0.0,mug
0.0195,0.0375,0.0575,0.0885,0.1198,0.1375,0.1503,0.187,0.2192,0.2375,0.2626,0.2885,0.319,0.3375,0.3517,0.3875,0.4028,0.4375,0.4562,0.4875,0.5015,0.5266,0.5624,0.5875,0.6135,0.6399,0.6701,0.6953,0.7125,0.7312,0.7617,0.7886,0.8141,0.8398,0.8688,0.8875,0.9012,0.9281,0.955,0.983,0.01,0.0,0.0,0.0,0.0,0.0,0.01,0.82,0.0,0.0,0.02,0.0,0.0,0.0,1.0,0.0,0.01,0.0,0.01,0.0,0.71,0.0,0.02,0.0,0.01,0.0,0.0,0.02,0.0,0.09,0.03,0.22,0.01,0.0,0.0,0.0,0.0,0.0,0.0,0.0,mug
0.019,0.0441,0.074,0.0875,0.1216,0.1375,0.1502,0.187,0.2242,0.2375,0.2628,0.2881,0.3153,0.3375,0.3517,0.379,0.4134,0.4482,0.4739,0.4875,0.5014,0.5337,0.5624,0.5875,0.6007,0.6335,0.6609,0.6865,0.72,0.7493,0.7625,0.7885,0.8125,0.8251,0.8505,0.8807,0.9119,0.9378,0.9636,0.997,0.01,0.0,0.0,0.0,0.0,0.0,0.01,1.0,0.01,0.0,0.03,0.01,0.01,0.0,0.92,0.02,0.01,0.01,0.01,0.0,0.32,0.01,0.04,0.0,0.03,0.02,0.01,0.02,0.01,0.03,0.0,0.19,0.0,0.0,0.0,0.0,0.0,0.0,0.0,0.0,mug
0.0202,0.0375,0.064,0.0953,0.1232,0.1375,0.1502,0.1879,0.2196,0.2375,0.2605,0.2997,0.325,0.3375,0.3517,0.3842,0.4195,0.4455,0.4739,0.4875,0.5016,0.5269,0.5585,0.5909,0.6125,0.634,0.6621,0.6956,0.7125,0.7419,0.7625,0.7884,0.8163,0.843,0.87,0.8875,0.9076,0.9335,0.9625,0.9776,0.02,0.0,0.0,0.0,0.0,0.0,0.01,0.48,0.01,0.0,0.01,0.02,0.01,0.0,1.0,0.03,0.02,0.0,0.01,0.0,0.54,0.03,0.04,0.01,0.0,0.01,0.0,0.02,0.0,0.03,0.0,0.18,0.0,0.0,0.0,0.0,0.0,0.0,0.0,0.0,mug
0.0204,0.0463,0.0625,0.078,0.1039,0.129,0.1542,0.1871,0.2168,0.2375,0.2605,0.2997,0.3125,0.3256,0.3517,0.3875,0.4026,0.4309,0.4566,0.4875,0.5014,0.5479,0.5743,0.5875,0.6003,0.6496,0.6625,0.6765,0.7074,0.7339,0.7594,0.7884,0.8149,0.8407,0.8625,0.8893,0.9125,0.9335,0.9636,0.997,0.0,0.0,0.0,0.0,0.0,0.0,0.0,0.69,0.0,0.0,0.02,0.01,0.0,0.0,1.0,0.0,0.03,0.0,0.01,0.0,0.57,0.03,0.0,0.0,0.01,0.01,0.0,0.0,0.02,0.01,0.02,0.23,0.01,0.0,0.0,0.0,0.0,0.0,0.0,0.0,mug
0.0207,0.0474,0.0625,0.0887,0.1157,0.1419,0.1625,0.187,0.2206,0.2375,0.2627,0.2883,0.3125,0.3266,0.3517,0.3875,0.4026,0.4472,0.4736,0.4875,0.5014,0.5303,0.5617,0.5875,0.6097,0.6355,0.6625,0.6829,0.7125,0.7309,0.7592,0.7884,0.8163,0.8484,0.8625,0.8753,0.9033,0.9335,0.9636,0.9916,0.0,0.0,0.0,0.0,0.0,0.0,0.0,0.32,0.0,0.0,0.02,0.0,0.0,0.0,1.0,0.0,0.02,0.0,0.0,0.0,0.43,0.0,0.01,0.0,0.01,0.01,0.0,0.01,0.0,0.07,0.03,0.28,0.0,0.0,0.0,0.0,0.0,0.0,0.0,0.0,mug
0.0207,0.0375,0.0522,0.0881,0.1163,0.144,0.1733,0.1875,0.2047,0.2369,0.2621,0.2997,0.3125,0.3375,0.3517,0.3875,0.4027,0.4286,0.4564,0.4875,0.5015,0.5271,0.5585,0.5922,0.6125,0.6323,0.6622,0.6954,0.7125,0.7311,0.759,0.7884,0.8188,0.8453,0.8625,0.8753,0.9216,0.9496,0.9625,0.9862,0.01,0.0,0.0,0.0,0.0,0.0,0.47,0.0,0.01,0.0,0.03,0.01,0.0,0.0,1.0,0.0,0.04,0.0,0.01,0.0,0.71,0.02,0.05,0.0,0.0,0.01,0.02,0.03,0.0,0.09,0.03,0.38,0.0,0.0,0.0,0.0,0.0,0.0,0.0,0.0,mug
0.0032,0.0285,0.0568,0.087,0.1151,0.1448,0.1625,0.1752,0.2022,0.23,0.2587,0.2875,0.315,0.3482,0.3625,0.3774,0.4056,0.4335,0.4638,0.493,0.5206,0.5375,0.5521,0.5773,0.6042,0.6417,0.6625,0.6837,0.7095,0.7375,0.7687,0.7967,0.8125,0.8312,0.8592,0.8936,0.9216,0.9496,0.9625,0.9873,0.0,0.3,0.22,0.3,0.7,0.83,0.0,0.43,0.42,0.37,0.29,1.0,0.2,0.07,0.0,0.15,0.09,0.05,0.01,0.01,0.0,0.0,0.0,0.0,0.0,0.0,0.0,0.0,0.0,0.0,0.0,0.0,0.0,0.0,0.0,0.0,0.0,0.0,0.0,0.0,elizabeth
0.0011,0.0291,0.0588,0.0875,0.1171,0.1464,0.1625,0.1778,0.2055,0.2327,0.2588,0.2914,0.3165,0.3375,0.3501,0.3836,0.4121,0.4417,0.4671,0.4978,0.5237,0.5375,0.5552,0.5807,0.6094,0.6363,0.6625,0.6837,0.7095,0.7386,0.7644,0.7946,0.8226,0.8375,0.8549,0.8936,0.9125,0.9367,0.9636,0.9927,0.0,0.62,0.39,0.57,0.67,1.0,0.0,0.85,0.89,0.34,0.15,0.5,0.07,0.0,0.06,0.07,0.05,0.01,0.0,0.01,0.0,0.0,0.0,0.0,0.0,0.0,0.0,0.0,0.0,0.0,0.0,0.0,0.0,0.0,0.0,0.0,0.0,0.0,0.0,0.0,elizabeth
0.0032,0.029,0.0569,0.0873,0.1168,0.1461,0.1625,0.1756,0.2047,0.2334,0.2587,0.2914,0.3202,0.3498,0.3625,0.3788,0.4066,0.4333,0.4664,0.4961,0.5125,0.5254,0.5577,0.5836,0.6094,0.6375,0.6514,0.6772,0.7052,0.731,0.758,0.7957,0.8215,0.8495,0.8625,0.8936,0.9238,0.9496,0.9625,0.9776,0.0,0.62,0.26,0.55,0.31,0.91,0.0,0.61,1.0,0.54,0.24,0.58,0.42,0.17,0.0,0.33,0.06,0.02,0.01,0.01,0.0,0.0,0.0,0.0,0.0,0.0,0.0,0.0,0.0,0.0,0.0,0.0,0.0,0.0,0.0,0.0,0.0,0.0,0.0,0.0,elizabeth
0.0028,0.0283,0.0552,0.0871,0.1152,0.1448,0.1625,0.1752,0.2006,0.2312,0.259,0.2856,0.3172,0.3375,0.3657,0.3875,0.4049,0.4307,0.462,0.498,0.5125,0.5253,0.5534,0.5875,0.603,0.6328,0.6583,0.6837,0.7095,0.7451,0.7709,0.7967,0.8125,0.8355,0.8667,0.892,0.9173,0.9496,0.9625,0.9873,0.0,0.37,0.32,0.44,0.86,1.0,0.0,0.59,0.5,0.26,0.33,0.44,0.11,0.0,0.1,0.0,0.06,0.01,0.0,0.0,0.0,0.0,0.0,0.0,0.0,0.0,0.0,0.0,0.0,0.0,0.0,0.0,0.0,0.0,0.0,0.0,0.0,0.0,0.0,0.0,elizabeth
0.0032,0.0286,0.057,0.0835,0.1118,0.1375,0.1625,0.2,0.2125,0.2311,0.2589,0.2872,0.3182,0.3375,0.3664,0.3978,0.4125,0.4254,0.4554,0.4926,0.5217,0.5375,0.5545,0.5923,0.6175,0.6438,0.6625,0.688,0.7167,0.7429,0.7709,0.7875,0.8161,0.8375,0.8592,0.8936,0.9125,0.9281,0.9593,0.997,0.0,0.66,0.55,0.43,1.0,0.0,0.87,0.75,0.0,0.52,0.34,0.71,0.34,0.0,0.12,0.06,0.0,0.06,0.01,0.01,0.0,0.0,0.0,0.0,0.0,0.0,0.0,0.0,0.0,0.0,0.0,0.0,0.0,0.0,0.0,0.0,0.0,0.0,0.0,0.0,elizabeth
0.0011,0.0293,0.0599,0.089,0.1194,0.1492,0.1625,0.1794,0.2052,0.2311,0.259,0.2877,0.3176,0.346,0.3625,0.3774,0.4051,0.4336,0.463,0.4875,0.5053,0.5383,0.5671,0.5928,0.6184,0.646,0.6625,0.6815,0.7095,0.7418,0.7625,0.7752,0.8032,0.8333,0.8592,0.8936,0.9216,0.9496,0.9625,0.9873,0.0,0.39,0.4,0.43,0.28,0.53,0.0,1.0,0.74,0.29,0.19,0.32,0.08,0.03,0.0,0.04,0.05,0.03,0.0,0.0,0.01,0.0,0.0,0.0,0.0,0.0,0.0,0.0,0.0,0.0,0.0,0.0,0.0,0.0,0.0,0.0,0.0,0.0,0.0,0.0,elizabeth
0.0002,0.0274,0.0545,0.0836,0.1119,0.1419,0.169,0.1875,0.2182,0.2447,0.2733,0.2999,0.3125,0.3266,0.3655,0.3964,0.4234,0.449,0.4625,0.478,0.5071,0.5448,0.5706,0.5966,0.6125,0.6317,0.6581,0.6837,0.7095,0.7375,0.7687,0.7967,0.8226,0.8495,0.8625,0.8936,0.9238,0.9496,0.9625,0.9873,0.0,0.59,0.4,0.27,0.97,0.6,1.0,0.0,0.41,0.18,0.15,0.39,0.0,0.05,0.09,0.03,0.07,0.0,0.0,0.0,0.0,0.0,0.0,0.0,0.0,0.0,0.0,0.0,0.0,0.0,0.0,0.0,0.0,0.0,0.0,0.0,0.0,0.0,0.0,0.0,elizabeth
0.0035,0.0287,0.0608,0.0903,0.1205,0.1375,0.1511,0.181,0.2125,0.2303,0.2587,0.2875,0.3001,0.3306,0.3625,0.3781,0.4058,0.4337,0.4625,0.4923,0.5224,0.5475,0.5625,0.5757,0.6032,0.6341,0.6675,0.6875,0.7149,0.7461,0.773,0.7875,0.8172,0.8375,0.8549,0.8893,0.9125,0.9367,0.9636,0.997,0.0,0.27,0.34,0.35,0.53,0.0,0.79,1.0,0.0,0.28,0.17,0.0,0.43,0.08,0.0,0.18,0.15,0.04,0.01,0.02,0.0,0.0,0.0,0.0,0.0,0.0,0.0,0.0,0.0,0.0,0.0,0.0,0.0,0.0,0.0,0.0,0.0,0.0,0.0,0.0,elizabeth
